path1,path2,path3,file
고1,공통영어1,지학사(신상근),Lesson 1 Hi High School
고1,공통영어1,지학사(신상근),Lesson 2 Make Your Conversation Colorful
고1,공통영어1,지학사(신상근),Lesson 3 Oh Happy Days
고1,공통영어1,지학사(신상근),Lesson 4 Hit the Road
고1,공통영어1,비상(홍민표),Lesson 1 My Life
고1,공통영어1,비상(홍민표),Lesson 2 Tasty Journeys
고1,공통영어1,비상(홍민표),Lesson 3 Nature Connections
고1,공통영어1,비상(홍민표),Lesson 4 A Sunshine Break
고1,공통영어1,YBM(김은형),Lesson 1 Believe That You Can Do Better
고1,공통영어1,YBM(김은형),Lesson 2 Art and the City
고1,공통영어1,YBM(김은형),Lesson 3 Living Green
고1,공통영어1,YBM(김은형),Lesson 4 Be Smart in the Digital World
